NUTS_ID,albedo_mean,albedo_m01,albedo_m02,albedo_m03,albedo_m04,albedo_m05,albedo_m06,albedo_m07,albedo_m08,albedo_m09,albedo_m10,albedo_m11,albedo_m12
BG,0.0840730611467267,0.07719427741176613,0.09342673724808692,0.08733043523939688,0.07495502286560052,0.07056655983686674,0.07218981903272603,0.09351790411268228,0.09729279839900624,0.09828747588208639,0.09287858821775068,0.08303141471515219,0.06820570079959952
BG3,0.0840730611467267,0.07719427741176613,0.09342673724808692,0.08733043523939688,0.07495502286560052,0.07056655983686674,0.07218981903272603,0.09351790411268228,0.09729279839900624,0.09828747588208639,0.09287858821775068,0.08303141471515219,0.06820570079959952
BG31,0.08366126146894354,0.07657279638352449,0.09577671334231168,0.08760165923204603,0.07602328117491176,0.0702105366289962,0.07152989449007274,0.08971924850537655,0.09202834122387638,0.0945708335728667,0.09188196956774082,0.08141450231863001,0.07660536118696923
BG311,0.07702814114625917,0.08525381666307415,0.1005301836403921,0.0852125008084266,0.07098792010219768,0.06073459354159977,0.060193631616130006,0.07338651585567946,0.07485109762209445,0.07987282767627446,0.07916285380103251,0.08044047435596105,0.07371127807224791
BG312,0.0843580306463738,0.07225174219073618,0.09554971910136588,0.0841647879874392,0.07612508117933484,0.07084684742285925,0.0731775823104031,0.09266244425933247,0.09709267097997779,0.09842363214078761,0.09583092565682287,0.08202190360928066,0.07414903091814588
BG313,0.08942804138324595,0.07158188697902765,0.09243325912540064,0.08851604490488205,0.0799704391579583,0.0774164099316552,0.07901638057434333,0.10193965476487132,0.11006526193770091,0.11150759133395918,0.10394878984686541,0.07963890182286912,0.07710187621941825
BG314,0.09220815969931473,0.08156762879691934,0.09751367508798459,0.09336611258664951,0.08066992414803759,0.07868045836740188,0.08154307881843043,0.10420754874655651,0.1098969553427684,0.11217231265655833,0.10527477403651371,0.08517512224844136,0.0764303255555149
BG32,0.085618492427758,0.07951185775528895,0.09471573484544198,0.08925084421617394,0.07489420182637935,0.07117526842963467,0.07289260425964263,0.09566073538713692,0.10092924477171493,0.102059638187774,0.09649337131473142,0.08351441924516545,0.06632398889401173
BG321,0.09187791319307641,0.07655044672665773,0.10222830257068077,0.09338981244299147,0.08227366115897894,0.08070506548715962,0.0809177818884647,0.10232650739215259,0.1045353190707309,0.10985182118084695,0.1117852111933408,0.08416434596680726,0.07380668323810527
BG323,0.08685014108300278,0.0773764338457223,0.09539433216506785,0.08955163809906704,0.07548244581981138,0.07335779783925706,0.07636205449869687,0.09719157039441846,0.10339444019196725,0.10705627972397867,0.10005896946347936,0.08257097985287903,0.06440475110168803
BG324,0.08457920528152522,0.07926158568288168,0.09222154621286004,0.08956822553106737,0.07260892191755303,0.06759170246090782,0.06963001096390942,0.09559732051880172,0.10184046277308684,0.09999757568124508,0.09434291641326731,0.08357710644519062,0.06871308877753164
BG325,0.0843189386874459,0.07806201721422183,0.09343867307523769,0.08869782050501736,0.07493922340038878,0.07046589756097932,0.07110228885968145,0.09355870899541441,0.09701522521322391,0.0988968239832683,0.09426641557590441,0.08520238854480573,0.06618178132120772
BG33,0.08295961174984895,0.08077076929269955,0.08604382921478747,0.08423541417187064,0.07324913915128134,0.07016798583263496,0.07215590584355425,0.09625197257780432,0.09923717892632788,0.09763305729165128,0.09010963791043218,0.08569121978197322,0.059969231003170365
BG331,0.0851293213458525,0.07654368927081427,0.09601579209168752,0.08927309513092041,0.075681933760643,0.07083634305745364,0.07173114959150553,0.09822519421577454,0.09171484299004078,0.0974283091723919,0.09340876489877702,0.08793371121088664,0.07275903075933456
BG332,0.08354783950043644,0.08025668043111052,0.08444857833604455,0.08288952538512535,0.07280067997395821,0.07058283424803188,0.0729492809517043,0.09691008012251622,0.10011605905582786,0.09832939569879508,0.08988131981778454,0.08524386600437403,0.0681657739799647
BG333,0.08467958718175721,0.07905528292887741,0.09710638937022952,0.09073016132848959,0.07565559906264147,0.06769176935777069,0.0679062076844275,0.0928620869058302,0.0975615106523037,0.09374110872990318,0.08995216505395041,0.0884085814690306,0.07548418363763226
BG334,0.0824455572033508,0.07511753961443901,0.0968835639456908,0.09337016195058823,0.07023981772363186,0.06934110354632139,0.06754294689744711,0.08507097388307254,0.09293277934193611,0.09704416617751122,0.09622381006677945,0.08553794678300619,0.06004187650978565
HU,0.08189286649282769,0.076350638947555,0.09252020546555643,0.08502355691774098,0.07727453191859135,0.07037200822238474,0.07368121339579028,0.08415558933823018,0.08471348216209837,0.0868677918141422,0.08496499310437222,0.0839464714455288,0.08284391518194176
HU1,0.0876347462957104,0.0813647541217506,0.09775535902008414,0.08756023148695628,0.07907345262356102,0.07649512845091522,0.08278459263965487,0.09613085600237052,0.09443719281504552,0.09449632745236158,0.09178821618358295,0.09110471451034148,0.07862613024190068
HU12,0.0876347462957104,0.0813647541217506,0.09775535902008414,0.08756023148695628,0.07907345262356102,0.07649512845091522,0.08278459263965487,0.09613085600237052,0.09443719281504552,0.09449632745236158,0.09178821618358295,0.09110471451034148,0.07862613024190068
HU120,0.0876347462957104,0.0813647541217506,0.09775535902008414,0.08756023148695628,0.07907345262356102,0.07649512845091522,0.08278459263965487,0.09613085600237052,0.09443719281504552,0.09449632745236158,0.09178821618358295,0.09110471451034148,0.07862613024190068
HU3,0.08186515003012688,0.07632732090435665,0.09249581356014049,0.08501187169231948,0.07726615022631425,0.07034347883285168,0.07363874527554022,0.08409948754751762,0.08467911376972935,0.08682916011871908,0.0849330820647274,0.08391667421718449,0.08284090215212195
HU31,0.07617797343535589,0.07817565515420354,0.09126069715683882,0.08646475695837291,0.07575685930468382,0.06246752957062375,0.06329407770406717,0.07350355148993638,0.074307219568299,0.07457873939562396,0.07741745967218021,0.07955510282511646,0.07735403242432468
HU311,0.07639214444612892,0.07857642100264711,0.09308897826206901,0.08716525887309715,0.07722109178290631,0.06320600464690963,0.062106073190002366,0.07145555691874479,0.0731268945230953,0.07449571552791288,0.07793033355341382,0.08017635630079928,0.07815704877194941
HU312,0.0757971401171678,0.0771652986222075,0.08707245526026643,0.0846802052310261,0.07215750338370676,0.06076500068571586,0.0664426380550857,0.07885566579737585,0.07741148273264556,0.07508096057476837,0.07636349841016864,0.07809962213179746,0.07547135052124936
HU313,0.06803072935953322,0.07950142864137888,0.08814033307135105,0.0901143616065383,0.07604746334254742,0.05505781481042504,0.04929548129439354,0.056853996589779854,0.05681351013481617,0.05952656455338001,0.06363486188153426,0.07537321249643962,0.06600972389181455
HU32,0.08254297284552851,0.0766262346563968,0.09476841112669013,0.08633785211227198,0.07991119589251768,0.07400754198968701,0.07535493822847786,0.08224340149127782,0.08373206344587697,0.08745979948298459,0.08532092197705532,0.08448275969135727,0.08027055405174886
HU321,0.08247046808147139,0.07849528256523261,0.09542630479571668,0.0848045924095461,0.07673972630715471,0.07201098687631094,0.07480581297333967,0.08299577313148904,0.08569368934769539,0.08882595702104869,0.08631679750373401,0.08432550026021973,0.07920519378616923
HU322,0.08391036116509913,0.07465948235088338,0.09089050079152608,0.08131362652005791,0.07214209943000849,0.06908752120022352,0.0819109603057153,0.0984179292294153,0.09582089551060316,0.0939399949349587,0.08771677615449198,0.0843697434422584,0.07665480411104729
HU323,0.08176569389457815,0.07648756894998188,0.09852824753980498,0.09215417865476655,0.08977093771887078,0.08023919251052217,0.0703911714118079,0.06781954438963406,0.07226120513379497,0.07968485409941395,0.0822497500977381,0.08677291306669146,0.08482876316191085
HU33,0.0854102848844734,0.07394003303595295,0.09013912186680435,0.08109444793674488,0.0738839975194726,0.07187107394021391,0.08148630105480029,0.09910038622568744,0.10040268744971642,0.09636893334184421,0.09225625039130832,0.08478340490764058,0.07959678094349479
HU331,0.09043380698005175,0.08899937487310833,0.10703739979200894,0.09807161862651508,0.08906577403346698,0.08044661436643866,0.08279843349009752,0.09205075829393335,0.09171484555635187,0.08907934029897055,0.0899051852800228,0.09341259166184399,0.0826237474878629
HU332,0.0834525244399532,0.0718748950457031,0.08840813933674133,0.07824708032324823,0.07151372864080424,0.07002159162904277,0.07955290956756628,0.09718205477227736,0.09984766590088524,0.09574142255058343,0.09230642742242175,0.0842170692513,0.07251730883886452
HU333,0.0876677146283878,0.07649832405958987,0.09204471490811557,0.08483181237243116,0.0769409662403632,0.07444034560467117,0.08460401860153619,0.10271015318112668,0.1068154530465009,0.09782856133436327,0.09231359952795783,0.08267478388151563,0.0803098427824823
RO,0.07864289627895403,0.08290428089053736,0.09817055206709294,0.09072811729772218,0.07923847195814063,0.06695963979824007,0.06445030269988633,0.0705953711428398,0.06975576172907377,0.07695640133767825,0.0799191577395218,0.08335639485427235,0.08068030383244297
RO1,0.07843634643111719,0.08127511506783196,0.10120479972167502,0.09187347205390123,0.07962267373459297,0.06237893547170891,0.05637820966216324,0.058089650918317304,0.0590507677687309,0.06568902264265664,0.0727368557503965,0.08142044227837564,0.13151621210305597
RO11,0.08163013525646595,0.08132459558199912,0.10183259110599624,0.09295285906120912,0.08275420856797167,0.06444502402021124,0.059419733892875026,0.061003021688349396,0.06263523758558495,0.06847821189275008,0.07485514526429234,0.08349087031697111,0.14637012409938108
RO111,0.08020899783638834,0.08222077363159974,0.1032186146529822,0.09262431616637173,0.08295484427705056,0.06809065350371635,0.06591862016379056,0.07075805642390205,0.07499893263394569,0.07503836077629837,0.08164965576487325,0.08389949371975836,0.08113565232237104
RO112,0.08095135508941574,0.0834094243322969,0.11178922327484109,0.09520956883094817,0.08326578596585492,0.0613549508450152,0.05345407954472643,0.05369793792350555,0.056206106268649546,0.06232031314809867,0.07102817970599688,0.0933298266514426,0.14635086458161306
RO113,0.07589478905307143,0.08259956156338871,0.1064605276236817,0.093343952003335,0.08080363732495158,0.06148890101086994,0.056145421709098906,0.05868211753530645,0.06546656361991693,0.0668097448066258,0.07277765472039908,0.08416265389521291,0.08199673282406993
RO114,0.08183811336322155,0.08116022375344678,0.15108516014966306,0.09338273068428635,0.08345828047865608,0.0585194256957766,0.04979662553754503,0.04882812231223472,0.051811429638262844,0.058203107950988375,0.06566456077276471,0.08441792550923186,0.1557297678758022
RO115,0.083936996242367,0.07848435493945059,0.10115093087635765,0.0920660521455853,0.08540469687873437,0.07722911623195285,0.07480468230601127,0.07519128713845076,0.07739035063947163,0.08477724991299404,0.08452622689330021,0.08867638007949263,0.08754262686660254
RO116,0.07568896469997034,0.08218086163337895,0.10038476270697677,0.09204032538722005,0.08110705809667706,0.06155665058913238,0.0580544860770359,0.059711786310957825,0.06641925726239638,0.06696256893647494,0.07510484609060468,0.08246830743143413,0.08227666587735498
RO12,0.07226859471335408,0.08122714716493015,0.10087409951649541,0.09075300493249125,0.07637996043044404,0.06026347660380748,0.05323566337629671,0.055113651385932355,0.05608453256364322,0.06275255393212535,0.07057838950285912,0.07971134457837727,0.08024931257284657
RO121,0.0739455676578285,0.08591510044812627,0.10285766324414533,0.08880437476246698,0.07977034097813199,0.06122291513866248,0.05236400725244627,0.05413747454118172,0.059712124386258954,0.06310948605757845,0.07302620223854685,0.08270915221612024,0.08371797063027647
RO122,0.07427078066995592,0.08231087312240719,0.11729983366012577,0.09652333527743728,0.07698651982954197,0.06042944182351551,0.053203290847106816,0.055881951743772196,0.057393206613778655,0.06355936997252015,0.07106263496015458,0.07841131904046454,0.07818759114864633
RO123,0.07097498517486034,0.07659019727893779,0.09836471937897674,0.09025105241641242,0.07359802570675364,0.05850739151846324,0.05195075354074886,0.05532049790917711,0.054530866763370114,0.0647672910286027,0.07183748911298839,0.08014680904695502,0.07583472839693806
RO124,0.06858190988350894,0.07897336484984406,0.09609777511277541,0.09001543157614668,0.07325120076027127,0.05827981452848556,0.05101926890795714,0.05126900817014335,0.050370172316054486,0.05704052563004482,0.06227554161398032,0.07789518239840959,0.07649563273799455
RO125,0.07445321815599389,0.08131065616939434,0.09104768005107709,0.09125658427589689,0.07770836285663865,0.0631547440875618,0.057586264737703556,0.059666438442798723,0.060075209947066985,0.06721318439058797,0.07589392872632374,0.08385374500788208,0.08467181917899481
RO126,0.0719327553873071,0.08310022826098262,0.09867632671554812,0.09115523746616892,0.07643200182213242,0.05908022721315252,0.05250401866772374,0.054421375015326755,0.05714579535707373,0.06270289327019296,0.07007269555046734,0.07865657328438513,0.07924569202453094
RO2,0.0824100040620814,0.08691780583470292,0.09813475665654939,0.09353079780495249,0.08129673928227076,0.07175244250798893,0.07046736081633656,0.07587419385081086,0.07434660284495091,0.08167316921720347,0.08210962680499136,0.08745842500859573,0.08535812811562361
RO21,0.07772682797824733,0.08484082376960433,0.09965819719156802,0.09114233130793378,0.07894614115822352,0.06766631647255422,0.06333056130349127,0.06402800151249467,0.06264517974134722,0.0699749546876181,0.07419297947431468,0.0862455386878955,0.09005091043192258
RO211,0.07455125286350867,0.09243332442673591,0.09350339241580934,0.09211794937357436,0.0790118357506423,0.06388803580993753,0.056533454576100886,0.0567312500687736,0.05615051494810776,0.06255083581485119,0.07217321425531674,0.08927059392501936,0.08025063299723495
RO212,0.0853398853334905,0.08858116750022513,0.10323396564582725,0.09559517701429068,0.083441136758314,0.0766881419484429,0.07459331612546882,0.07398532388973006,0.07284930419761917,0.08207584778721534,0.08470451257807184,0.08951431198514934,0.09881641857153153
RO213,0.08594379254585525,0.08353469614528003,0.10302255322139224,0.0979722646175683,0.08601066382723684,0.0757037322509571,0.07304442521652114,0.07544218934836346,0.07496273380633352,0.08331574109820401,0.08631329581885833,0.0914519713263933,0.10055124387315459
RO214,0.07163780182373511,0.0880241391859373,0.09324553024061313,0.08801361718738165,0.07526022088826731,0.06387564023567709,0.05710813782083102,0.054646760365495116,0.05209005065533536,0.05933687482752913,0.0669545276529575,0.08551127037191199,0.07558685245288461
RO215,0.06782249269283301,0.07864256944871602,0.09905386506370475,0.08367192844948887,0.06922330320032113,0.059311836390443254,0.05251146689582337,0.049429632093521525,0.04864644718600616,0.05667674016019506,0.06001196204744181,0.08001386270533381,0.07667629867300019
RO216,0.08677581258717308,0.09092335094404767,0.09943761684529114,0.09566835939677452,0.08496361914049669,0.07296156563822284,0.0734335353381064,0.08574064558189876,0.08435340042839004,0.0863903633402156,0.08752297247162476,0.09214524266363816,0.08776907925737049
RO22,0.08864105677378993,0.09656881007772986,0.09837225735087449,0.09572284226859304,0.08382509042689197,0.07610686389394322,0.07796902525336144,0.08949131882831929,0.08886222373212967,0.09414865482724752,0.09123750246477391,0.08923411323462756,0.08215397892698717
RO221,0.09625443031359093,0.09574292703068148,0.10328269368845577,0.10080203091006944,0.09142977023948001,0.08802227637215973,0.08813819359594081,0.09848917069446889,0.09853354607201197,0.10433622239967981,0.10119101323767903,0.09807804494059377,0.0870072745818707
RO222,0.08111833912199522,0.07776524515995334,0.09474940358285132,0.09125298959440176,0.0792223768796057,0.06873053742955762,0.06701544010838871,0.07469125065413806,0.07990857252591554,0.08733258363346727,0.0837928427745655,0.087335949498394,0.08162287762270386
RO223,0.10514599464940229,0.18939362582884584,0.10232515769268725,0.09439994380299732,0.0811878904249687,0.07729217824415928,0.08891705179502937,0.11948105596595,0.11294401750335095,0.1121178265673845,0.10451612867774546,0.09523588794387422,0.0839411713458346
RO224,0.09371959486769427,0.08878969429920827,0.10029517933384054,0.10017592782215999,0.09060296842768921,0.08414379450622979,0.08558891535714681,0.09766951515687165,0.10027611252587994,0.10223306917074354,0.09713307218739918,0.09173211079164284,0.08599477883351926
RO225,0.0864263303432516,0.10434225528225616,0.09558152347899733,0.09576363620029192,0.08262902282760004,0.0746996323001646,0.07695552096633748,0.08508776688034857,0.08313305725813591,0.08631695289793895,0.08748630183772048,0.07998034848560459,0.08513994570362336
RO226,0.0779910811364124,0.08933250811262959,0.09480235011220106,0.09769090827106704,0.08167624346913463,0.06693081840404883,0.060760314814409036,0.06451998912113271,0.06520119863159829,0.07168971597583046,0.07803799884154124,0.08626309861111651,0.0789878292722393
RO3,0.08499949030470215,0.08500897735151863,0.09982075780921174,0.09103835746604647,0.08048504029710363,0.07251684340197015,0.07347278824428484,0.08812754144137212,0.08374407379784549,0.0922041660546295,0.09055763415969707,0.08749457578660061,0.07552312784614565
RO31,0.08459870146818516,0.0848500082702324,0.09923727664057994,0.09072893556903469,0.08012540808895262,0.07207381038972728,0.07290759368664096,0.0876220551041228,0.08322402973828519,0.092071991519936,0.09035858208523144,0.08700829543279749,0.0749764310926811
RO311,0.07723237451560126,0.08603465860660782,0.10389093901770005,0.09328575921778821,0.08234362034129891,0.06652315307718884,0.056919903446090284,0.06594586528790597,0.0608360458412663,0.0668405727368641,0.07892813379884069,0.08664105931083865,0.07859878350482544
RO312,0.08897610327678185,0.08021906097730001,0.09591644446186653,0.08642271576895874,0.07682293871210681,0.07582299821492698,0.08343815623058212,0.10632799348874779,0.10292975848079056,0.10522561556689905,0.09887454919507184,0.08719223107770495,0.06852077714642672
RO313,0.08353173461506323,0.08780607983434995,0.10624190065965164,0.10005262444273792,0.08766704013178121,0.07122481291466597,0.06612655087248331,0.07405396087591964,0.07397671325026867,0.07979894450165004,0.08433362320723618,0.09223040329397203,0.0788681613960422
RO314,0.08695390854709405,0.07953517740676679,0.09791586809320214,0.08807638985362304,0.07680587035339372,0.07299322580895674,0.07958943660681446,0.10054663335426929,0.09631131441370237,0.09981617212910025,0.09425236422980292,0.0860445699742126,0.07155988034128442
RO315,0.09244271734940923,0.08284331667917506,0.09801539395515142,0.09143173335872759,0.08284240886752535,0.0810691288998121,0.08586357562834847,0.10884702649188817,0.10442833897194806,0.10702152153970097,0.10289981254454465,0.08977523777903401,0.07427511347705507
RO316,0.08117219615969652,0.09159130866533587,0.11285182350419493,0.09465243882876022,0.0815006390004666,0.06705791232344868,0.06157406542156821,0.06534719115121153,0.0666944983892352,0.07705566322268644,0.08072486881056354,0.08955931762437867,0.0854566269745084
RO317,0.08882975534389198,0.079262494291331,0.0936604242225449,0.08410322598896164,0.07405885233897572,0.07240282091882455,0.08175636709793621,0.1133774204282824,0.10656585718625924,0.1085804368268656,0.09877623240844453,0.0811648751292113,0.07224805728906675
RO32,0.09230439563843572,0.08707714887190258,0.10989083229552632,0.0966925382596889,0.08728987702892886,0.08096394173938919,0.08414888302623122,0.09731139323410036,0.09336952072710633,0.09661617323827948,0.09435403640619217,0.09703058033243776,0.08290782250144543
RO321,0.10147043007517946,0.09350831580884529,0.11671651850896653,0.10762407515536655,0.0990704358978705,0.09259721670638431,0.09714252789589492,0.10397459160197864,0.10287357206371697,0.10480267234485258,0.10242815749713467,0.10622062662409412,0.09068645079704848
RO322,0.09072257340424607,0.08606653692466872,0.10854177937718443,0.09496658548523891,0.08543864634952375,0.0791358556731471,0.08210702454671263,0.09616728218720956,0.09177620275502853,0.09430543427554124,0.09297789603370388,0.09553626190540003,0.08165137533759398
RO4,0.0772815423784549,0.08133911958451756,0.09712973748865103,0.08710141574288582,0.07567196739976381,0.06312111122565019,0.061230396845724566,0.06942736896806334,0.07020220817088735,0.07666197600958644,0.08012062499382629,0.08077380012584913,0.0845987819860532
RO41,0.08061565911542708,0.08336833741527128,0.10087894381142212,0.09013673659458903,0.07828713182805418,0.06555252744317133,0.06427372040998708,0.07546896066642168,0.07375313010946587,0.08378879133924433,0.08407515069539183,0.08239157660004977,0.08541290247205638
RO411,0.08870367780637965,0.08234525944440672,0.1059852810480896,0.09071359820917889,0.08052915844856277,0.07362419146303784,0.07809328424360172,0.09613786621125736,0.09224804461026032,0.0985638448332437,0.09589228628065134,0.08471561413392054,0.08559570475034509
RO412,0.0740098024356172,0.08464057030276681,0.10068157467416776,0.09076404757760316,0.07729620020124217,0.058964661263868096,0.05057212262603162,0.05479782012601694,0.059852878892954105,0.06872846672346172,0.07353399665610684,0.08089225246519093,0.08739303771799627
RO413,0.07943408145579144,0.08558930810870541,0.1011582898547066,0.0909092777829972,0.07578224224348863,0.06143222375876374,0.061000625347562204,0.06915568878162826,0.0725267929209237,0.08295666593328452,0.08141443163221226,0.08305612644115805,0.08822730466406667
RO414,0.0893753855815903,0.08172455383651707,0.09967040992304405,0.08996115241935267,0.0802446326846818,0.07371784475104637,0.07818507132587932,0.10359345139083209,0.09521764532273691,0.10508667943922795,0.09960400729124862,0.08442149032187839,0.08107768827263849
RO415,0.07209736022042201,0.08986578746557311,0.10205709662336909,0.08791588326397944,0.0765977219788002,0.05710650319527839,0.04867764808431093,0.05186854560442825,0.05571159152235389,0.05960932680970374,0.06927898427148693,0.07875268314192373,0.08772655068385636
RO42,0.0752119847012834,0.07955151673455768,0.09411055889204852,0.08442747372550306,0.07332455566273431,0.06094519902985481,0.05852154591719782,0.06396402127023836,0.06467672809012676,0.07238290773357754,0.07673447249907944,0.07918740263545777,0.09471743422502468
RO421,0.07731500989101597,0.07878777325469745,0.09591612315596122,0.0842495677342691,0.07478336585280242,0.06314334717523937,0.06404444557417946,0.07115951364623356,0.07344822829076565,0.078521073387686,0.08325338579748079,0.08007108467205858,0.0804022101508182
RO422,0.07113335370716119,0.0862861513507178,0.09369990383681188,0.08572752495468308,0.07050721733198849,0.05527625034334892,0.048377789292538484,0.0505203626529749,0.053726497932343464,0.05981760769521835,0.06830553825693932,0.08013317241739618,0.10122222842097331
RO423,0.06684121457731189,0.08012875350312208,0.09575367672673213,0.08461033816026739,0.07188909030700304,0.05547072989172121,0.04527194678217237,0.04578420517309898,0.051984980827848415,0.05571885619895572,0.06513437301099302,0.07401089877268982,0.07633672557313848
RO424,0.08236341279128066,0.07661536439502639,0.09548305967018492,0.08339437677815009,0.07586149664697658,0.06889825745670405,0.07416053064113085,0.08796249515371006,0.08845813571084023,0.08914918024253222,0.08863143069974756,0.08141721782793787,0.07832940827242703
RS,0.07605062998073203,0.0754228097068349,0.09173919760564665,0.08502931967145305,0.07453161221889094,0.065151304512586,0.06281547906385374,0.06734164297822885,0.06731236267557622,0.07302063415640515,0.07865355649781645,0.08296070359751331,0.08862893708397925
RS1,0.08249858151079767,0.072100369978959,0.08907484191093054,0.08317144156864142,0.07755529227744759,0.07522044303747702,0.07559331842132655,0.08148048270092573,0.08322699185194131,0.08977384367429622,0.09103849147455162,0.08918422920340269,0.08256323202967264
RS11,0.07960064863482558,0.07735231463581566,0.09370830674500515,0.08746928112257434,0.07770963309384468,0.0705553878037994,0.07212094206573125,0.07485778564967277,0.07528983211996446,0.0778994273479596,0.08009992449908253,0.08478030626213662,0.08336464227232039
RS110,0.07960064863482558,0.07735231463581566,0.09370830674500515,0.08746928112257434,0.07770963309384468,0.0705553878037994,0.07212094206573125,0.07485778564967277,0.07528983211996446,0.0778994273479596,0.08009992449908253,0.08478030626213662,0.08336464227232039
RS12,0.08342472720894706,0.07088514472847773,0.08776912970719913,0.08196944954535726,0.07751179897497953,0.07651409544320502,0.07656016136276926,0.0834581407587836,0.08794128942975005,0.0931396935415609,0.09411674567718353,0.089730326894887,0.08150075044321167
RS122,0.08208887639959388,0.07744444111210534,0.08773373160511255,0.08298220690328478,0.07988563414225924,0.07653646844535217,0.0723991203776106,0.07638026840066996,0.08132563093121044,0.08877016659105809,0.09277329423627038,0.09197259527079914,0.07686295877939381
RS123,0.08633715487652917,0.07240359182364194,0.09074754640460014,0.08700220606839046,0.08255896497613344,0.08197148516774178,0.07948416688789924,0.08140193632779978,0.08863397114415962,0.09421352194006305,0.1004554939448324,0.09155426881252192,0.08561870502056641
RS124,0.08468192137670716,0.0705146593291585,0.08694666091398132,0.07871253256935899,0.0741383293302866,0.07568324403837323,0.08241371665059066,0.09404270915622902,0.098929977899839,0.09742464140471194,0.09395420842054414,0.0856619259433412,0.07776045086407134
RS126,0.08307165808464573,0.07002562170349601,0.08636898508657945,0.07892577798924591,0.0732615714417708,0.0746065104355248,0.07812000364815229,0.0883204874727984,0.09438845625272718,0.09517322239805778,0.0936899031335342,0.08466210253786721,0.07931725491599471
RS127,0.08539309948986651,0.06855454765618205,0.09147676895889971,0.08916824580066735,0.08301840445233716,0.07950582220736477,0.0762991559588247,0.08330234314793002,0.08709534434071643,0.09600381467538831,0.09614407240039972,0.09150475164254507,0.08264392263714283
RS2,0.07421909354141394,0.08065996306578616,0.09388597641940019,0.0861340005171951,0.07273114818402313,0.05917219342772824,0.05522570404528786,0.059585645659045124,0.0606302080034606,0.06277478743894588,0.07129383482187772,0.08083839422161045,0.10769726669260699
RS21,0.07564923994851765,0.0819392419059774,0.09483955953822693,0.0855331921509511,0.0735102176007009,0.05990885833471619,0.05581950474027046,0.05903285451739115,0.059996371136614886,0.060809837566227556,0.0688214281483201,0.08035092753760574,0.12722888620520928
RS211,0.06848486544838722,0.08270341522577736,0.09319649514740025,0.08505816805439118,0.07315927410784823,0.056477895009522446,0.04968142899899529,0.05232942254306414,0.0532620524844298,0.054975805515687357,0.0653917231143285,0.07526648335422643,0.08031622182497555
RS212,0.07542973686515912,0.0765678622159794,0.09741013846271876,0.0886222617928775,0.07659319852839927,0.06848426366567004,0.06553155744486318,0.06625332059908887,0.06418442186348292,0.06848812435840332,0.07095055791492365,0.08086653144992127,0.08120460408558126
RS214,0.06942147162753866,0.08177540897520473,0.09604198710460982,0.08495647753855476,0.07307713760811592,0.05716406103119115,0.0518274512141943,0.05448238275698713,0.05595632131552677,0.056510471492922404,0.06493567965483739,0.07658764727574953,0.07974263356256996
RS215,0.0740004771105356,0.09105144273489714,0.09641875760942142,0.0876591449940874,0.07480726020167704,0.061330650188028815,0.056532029410743194,0.060990745852803896,0.06148664759159643,0.06292210261563996,0.07310086083800897,0.08242685459014298,0.07927922869938007
RS216,0.07856599409591407,0.08188343915359053,0.09718073733634033,0.08816245730434145,0.07581788295554737,0.06371349134519162,0.058582023003115234,0.06201480448857664,0.06388859295059118,0.06358453838437995,0.0732072949527748,0.08723566759988743,0.12752099967663236
RS217,0.06833408622155134,0.07213994973260009,0.08746764326345408,0.07988525242727323,0.06810217823230606,0.053068231535941375,0.048203347264515126,0.04901085063412263,0.051766229455094154,0.051987999347129873,0.06178059363189866,0.07390007513742416,0.12269668399685646
RS218,0.07379288978700309,0.083375855876168,0.09545581686418832,0.08466429584836227,0.07329891463038775,0.06011683919976624,0.059344162347392655,0.06433601195941556,0.06515450564269717,0.06436330525731325,0.06986814928270361,0.08265781526764233,0.082879005268
RS22,0.0721338735866877,0.08028244932854661,0.09292556950510276,0.08669787450295015,0.07199612509479003,0.058477508599643305,0.054665165760631636,0.060107844057369436,0.061833940234141974,0.06480824087180498,0.07363698225152315,0.08090109903731901,0.07927368379642913
RS221,0.07010750545798683,0.07926264725388836,0.09373662873575637,0.0872280652037998,0.06944386893590479,0.052186278623282845,0.049161270112115095,0.0552781600450939,0.0626493959725686,0.06287057328497796,0.07146858620499108,0.07884792114495236,0.07915666997851088
RS222,0.07403455377293261,0.08835178532963565,0.09428993627133486,0.0871425382152325,0.07407267158034078,0.06323800213820144,0.057925428795084576,0.06163008223943702,0.05941210250641152,0.0660748796512431,0.07520445770246492,0.08440056764547936,0.07667219320032564
RS223,0.06821545024041781,0.07814290024005492,0.09019768487560584,0.08528666030803068,0.06923468257069376,0.053477614370442336,0.04905729270573203,0.05512002323801626,0.05791918111888629,0.05947250815835255,0.06977485523649424,0.07780826714246514,0.07309373292023973
RS225,0.07492305220288403,0.08411274781381643,0.0936032068058257,0.0871913872395802,0.07367379451170564,0.060933883819315166,0.05800510741149386,0.06414976933147264,0.07100509745064501,0.06648131751829063,0.0751287430110905,0.08710868186834786,0.07768288965302485
RS227,0.08064029477708744,0.0752080453528186,0.0929358403308917,0.08709884640145099,0.07843149080872536,0.07204457366112936,0.07140893473337262,0.07830601336952309,0.08184336020090317,0.07923775687182354,0.08325359448369614,0.08819198995660253,0.07972309115411198
SK,0.07930047654561703,0.08014780565871911,0.09124079159042542,0.09456464481842752,0.08395393611188384,0.06742287667441195,0.0649407059795458,0.07465009213141773,0.07356896051042931,0.07702154202112024,0.08058326045947341,0.08256962217325535,0.0809414804182947
SK0,0.07930047654561703,0.08014780565871911,0.09124079159042542,0.09456464481842752,0.08395393611188384,0.06742287667441195,0.0649407059795458,0.07465009213141773,0.07356896051042931,0.07702154202112024,0.08058326045947341,0.08256962217325535,0.0809414804182947
SK03,0.0797760650910337,0.08306585938145637,0.09355962426425554,0.09649157091402091,0.08342434045596,0.06542651063929766,0.06292760561942151,0.07514590362453054,0.0730492911011222,0.0760154493797857,0.08046671111359555,0.08357094188252423,0.0841689727164342
SK032,0.0797760650910337,0.08306585938145637,0.09355962426425554,0.09649157091402091,0.08342434045596,0.06542651063929766,0.06292760561942151,0.07514590362453054,0.0730492911011222,0.0760154493797857,0.08046671111359555,0.08357094188252423,0.0841689727164342
SK04,0.07867410270080676,0.07617469623637123,0.08922104721090623,0.09212172236983424,0.08464241046458483,0.07001815252006054,0.06748968483880162,0.07400553719037109,0.07455734225610892,0.07806292403403713,0.08075778774089283,0.08127390200065242,0.07576402554705995
SK042,0.07867410270080676,0.07617469623637123,0.08922104721090623,0.09212172236983424,0.08464241046458483,0.07001815252006054,0.06748968483880162,0.07400553719037109,0.07455734225610892,0.07806292403403713,0.08075778774089283,0.08127390200065242,0.07576402554705995
UA,0.07861402139239473,0.07616516504587188,0.08963042526218162,0.08787769544646323,0.079121485997518,0.06877548095013704,0.0685596595798765,0.07602593028674987,0.07585032421152807,0.07827316343685378,0.0776537836985642,0.08306545113187232,0.0823696916611203
